feature,mae
Retiro suma MWh,0.07560573649542597
Hora,0.029453274569370427
Mes,0.027592963784717643
Día,0.024651619341252148
Retiro suma MWh hace 1 semana promedio,0.02430119017466923
Año,0.022278596304717364
Día de la semana,0.021861175598195053
Ts_Valor,0.018180806523952927
Retiro suma MWh hace 24 horas,0.017679616422073084
BASELINE,0.015621744712144867
